Manufacturer;"Manufacturer Address";"Manufacturer Post Code";"Manufacturer City";"Manufacturer Country";"Manufacturer E-Mail";"Manufacturer Website";"EU Responsible Person";"EU Resp. Pers. Address";"EU Resp. Pers. Post Code";"EU Resp. Pers. City";"EU Resp. Pers. Country";"EU Resp. Pers. E-mail";"EU Resp. Pers. Website"
;;;;;;;;;;;;;
"PARTS UNLIMITED";"3501 Kennedy Road";53547;Janesville;US;;www.parts-unlimited.com;"Parts Europe";"Conrad Röntgen-Str. 2";54332;Wasserliesch;DE;sales@partseurope.eu;www.partseurope.eu
COLONY;"P.O. BOX 126, 1300 INDUSTRIAL PARKWAY N";44212;"Brunswick, OH";US;info@colonymachine.com;;"Parts Europe";"Conrad Röntgen-Str. 2";54332;Wasserliesch;DE;sales@partseurope.eu;www.partseurope.eu
HASTINGS;"Rigaweg 16";"9723 TH";Groningen;NL;sales@wilmink.nl;;;;;;;;
"DRAG SPECIALTIES";"3501 Kennedy Road";53547;Janesville;US;;www.parts-unlimited.com;"Parts Europe";"Conrad Röntgen-Str. 2";54332;Wasserliesch;DE;sales@partseurope.eu;www.partseurope.eu
"S&S CYCLE";"14025 Cty Hwy G";54664;Viola;US;;;"Parts Europe";"Conrad Röntgen-Str. 2";54332;Wasserliesch;DE;sales@partseurope.eu;www.partseurope.eu
CHAMPION;"Corso Inghilterra, 2";12084;"Mondovì, (CN)";IT;;;;;;;;;
SLIME;"Carl-Benz-Strasse 10";D-88696;Owingen-Bodensee;DE;customerservice@itwgtr.de;;;;;;;;
CATALOGS;;;;;;;;;;;;;
GATES;"Charlottenburger Allee 67";52068;Aachen;DE;gatescsar@gates.com;;;;;;;;
"ALLOY ART";"154 S. Valencia Street";91741;"Glendora, CA";US;office@completemetaldesigninc.com;;"Parts Europe";"Conrad Röntgen-Str. 2";54332;Wasserliesch;DE;sales@partseurope.eu;www.partseurope.eu
"SNO STUFF";"17003 Conty RD 181";56362;"Paynesville, MN";US;info@koronisparts.com;;"Parts Europe";"Conrad Röntgen-Str. 2";54332;Wasserliesch;DE;sales@partseurope.eu;www.partseurope.eu
ULTIMAX;"2601 West Battlefield Road.";65807;Springfield;US;customerservicebelts@timken.com;;"Parts Europe";"Conrad Röntgen-Str. 2";54332;Wasserliesch;DE;sales@partseurope.eu;www.partseurope.eu
GOODRIDGE;"Lochfeldstraße 30";76437;Rastatt;DE;info@goodridge.de;;;;;;;;
OHLINS;"Gottlieb-Daimler-Str. 25";53520;Meuspath;DE;de_info@ohlins.com;;;;;;;;
"HINSON RACING";"Ondernemersstraat 20";3920;Lommel;BE;info@technical-touch.com;;;;;;;;
"VFORCE/MOTO TASSINARI";"2 Technology Drive";03784;"West Lebanon";US;frontdesk@mototassinari.com;;"Parts Europe";"Conrad Röntgen-Str. 2";54332;Wasserliesch;DE;sales@partseurope.eu;www.partseurope.eu
WOODY'S;"AND Manufacturing INC., 6054 N. Meridian Rd.";48628;"Hope, MI";US;woodys@wiem.com;;"Parts Europe";"Conrad Röntgen-Str. 2";54332;Wasserliesch;DE;sales@partseurope.eu;www.partseurope.eu
Z1R;"3501 Kennedy Road";53547;Janesville;US;;www.parts-unlimited.com;"Parts Europe";"Conrad Röntgen-Str. 2";54332;Wasserliesch;DE;sales@partseurope.eu;www.partseurope.eu
CYCRA;"914 Old Hargrave Rd.";27292;Lexington;US;sales@cycra.com;www.cycra.com;"Parts Europe";"Conrad Röntgen-Str. 2";54332;Wasserliesch;DE;sales@partseurope.eu;www.partseurope.eu
ANDREWS;"431 Kingston Court";60056;"Mount Prospect";US;info@andrewsproducts.com;;"Parts Europe";"Conrad Röntgen-Str. 2";54332;Wasserliesch;DE;sales@partseurope.eu;www.partseurope.eu
"ARLEN NESS";"6050 Dublin Blvd";94568;Dublin;US;kontakt@fc-moto.de;;"Parts Europe";"Conrad Röntgen-Str. 2";54332;Wasserliesch;DE;sales@partseurope.eu;www.partseurope.eu
"HIGH LIFTER";"3510-1 PORT JACKSONVILLE, PARKWAY";32226;"Jacksonville, FL";US;inquiries@nivel.com;www.highlifter.com;"Parts Europe";"Conrad Röntgen-Str. 2";54332;Wasserliesch;DE;sales@partseurope.eu;www.partseurope.eu
BADLANDS;"1440 Ulmer Avenue";19075-1700;Oreland;US;salesteam@namzccp.com;;"Parts Europe";"Conrad Röntgen-Str. 2";54332;Wasserliesch;DE;sales@partseurope.eu;www.partseurope.eu
ATHENA;"Via delle Albere 13";36045;"Alonte (VI)";IT;athena@athena.eu;;;;;;;;
"BAKER DRIVETRAIN";"9804 E. Saginaw (Old m-78)";48840;Haslett;US;sales@bakerdrivetrain.com;;"Parts Europe";"Conrad Röntgen-Str. 2";54332;Wasserliesch;DE;sales@partseurope.eu;www.partseurope.eu
"BELT DRIVES LTD.";"1959 N. Main St.";92865;Orange;US;info@beltdrives.com;;"Parts Europe";"Conrad Röntgen-Str. 2";54332;Wasserliesch;DE;sales@partseurope.eu;www.partseurope.eu
BARNETT;"2238 Palma Dr.";93003;Ventura;US;;;"Parts Europe";"Conrad Röntgen-Str. 2";54332;Wasserliesch;DE;sales@partseurope.eu;www.partseurope.eu
MIKUNI;"8910 Mikuni Ave.";91324;"Northridge, CA";US;;;"Parts Europe";"Conrad Röntgen-Str. 2";54332;Wasserliesch;DE;sales@partseurope.eu;www.partseurope.eu
"SHOW CHROME";"2300 Pioneer Ave";54868;"Rice Lake";US;;www.bigbikeparts.com;"Parts Europe";"Conrad Röntgen-Str. 2";54332;Wasserliesch;DE;sales@partseurope.eu;www.partseurope.eu
"ZAN HEADGEAR";"9401 Waples Street, Suite 120";92121;"San Diego";US;info@BalboaMFG.com;www.zanheadgear.com;"Parts Europe";"Conrad Röntgen-Str. 2";54332;Wasserliesch;DE;sales@partseurope.eu;www.partseurope.eu
"PIVOT WORKS";"3787 95th Ave. NE, Suite 250";55014;Blaine;US;sales@allballsracing.com;;"Parts Europe";"Conrad Röntgen-Str. 2";54332;Wasserliesch;DE;sales@partseurope.eu;www.partseurope.eu
"HOT CAMS";"3705 95th Ave. NE";55014;Blaine;US;keyaccounts@allballsracinggroup.com;;"Parts Europe";"Conrad Röntgen-Str. 2";54332;Wasserliesch;DE;sales@partseurope.eu;www.partseurope.eu
"HOT RODS";"3705 95th Ave. NE";55014;Blaine;US;keyaccounts@allballsracinggroup.com;;"Parts Europe";"Conrad Röntgen-Str. 2";54332;Wasserliesch;DE;sales@partseurope.eu;www.partseurope.eu
ICON;"3501 Kennedy Road";53547;Janesville;US;;www.parts-unlimited.com;"Parts Europe ";"Conrad Röntgen-Str. 2";54332;Wasserliesch;DE;sales@partseurope.eu;www.partseurope.eu
DURO;"300.CHUNG SHAN ROAD, SEC 2";104;Taipei;TW;info@duro.com.tw;;"Parts Europe";"Conrad Röntgen-Str. 2";54332;Wasserliesch;DE;sales@partseurope.eu;www.partseurope.eu
"MAGNUM SHIELDING";"3800 Monroe Ave.";14534;Pittsford;US;;;"Parts Europe";"Conrad Röntgen-Str. 2";54332;Wasserliesch;DE;sales@partseurope.eu;www.partseurope.eu
"ALL BALLS";"3705 95th Ave. NE";55014;Blaine;US;sales@allballsracing.com;;"Parts Europe";"Conrad Röntgen-Str. 2";54332;Wasserliesch;DE;sales@partseurope.eu;www.partseurope.eu
"ENGINE ICE";"1000 Tennessee Avenue, 45242 Cincinatti";45242;Cincinnati;US;office@engineice.com;;"Parts Europe";"Conrad Röntgen-Str. 2";54332;Wasserliesch;DE;sales@partseurope.eu;www.partseurope.eu
"PRO BOLT";"Unit 9D";"GL20 8HB";Tewkesbury;GB;sales@pro-bolt.com;;"Parts Europe";"Conrad Röntgen-Str. 2";54332;Wasserliesch;DE;sales@partseurope.eu;www.partseurope.eu
MAXXIS;"Kaddenbusch 31";25578;Dägeling;DE;info@maxxis.de;;;;;;;;
EBC;"Upton Valley Way East";"NN4 9EF";Northampton;GB;info@ebcbrakesuk.com;;"Parts Europe";"Conrad Röntgen-Str. 2";54332;Wasserliesch;DE;sales@partseurope.eu;www.partseurope.eu
"JT SPROCKETS";"30 Optima Park";"DA1 4QX";"Crayford, Kent";GB;sales@bikealert.com;;"Parts Europe";"Conrad Röntgen-Str. 2";54332;Wasserliesch;DE;sales@partseurope.eu;www.partseurope.eu
HIFLOFILTRO;"30 Optima Park";"DA1 4QX";"Crayford, Kent";GB;sales@bikealert.com;;"Parts Europe";"Conrad Röntgen-Str. 2";54332;Wasserliesch;DE;sales@partseurope.eu;www.partseurope.eu
ARCTIVA;"3501 Kennedy Road";53547;Janesville;US;;www.parts-unlimited.com;"Parts Europe";"Conrad Röntgen-Str. 2";54332;Wasserliesch;DE;sales@partseurope.eu;www.partseurope.eu
AMS;"526 Coralridge Place";91746;"City of Industry";US;;www.exceltireandwheel.com;"Parts Europe";"Conrad Röntgen-Str. 2";54332;Wasserliesch;DE;sales@partseurope.eu;www.partseurope.eu
"TWIN AIR";"Eisenhowerweg 8";"5466 AC";Veghel;NL;info@twinair.com;;;;;;;;
CAMSO;"1 Martina Circle";12901;Plattsburgh;US;;www.camso.co;"Parts Europe";"Conrad Röntgen-Str. 2";54332;Wasserliesch;DE;sales@partseurope.eu;www.partseurope.eu
TRIMAX;"6770 SOUTH DAWSON CIRCLE, STE: 200";80112;"Centennial, CO";US;info@trimaxlocks.com;www.trimaxlocks.com;"Parts Europe";"Conrad Röntgen-Str. 2";54332;Wasserliesch;DE;sales@partseurope.eu;www.partseurope.eu
COMETIC;"8090 AUBURN RD";44077;CONCORD;US;;;"Parts Europe";"Conrad Röntgen-Str. 2";54332;Wasserliesch;DE;sales@partseurope.eu;www.partseurope.eu
CRUZTOOLS;"4021 AIRPORT WAY SOUTH";98108;"Seattle, WA";US;sales@cruztools.com;;"Parts Europe";"Conrad Röntgen-Str. 2";54332;Wasserliesch;DE;sales@partseurope.eu;www.partseurope.eu
"AVON GRIPS";"22000 Northpark Drive";77339;Kingwood;US;;;"Parts Europe";"Conrad Röntgen-Str. 2";54332;Wasserliesch;DE;sales@partseurope.eu;www.partseurope.eu
"TUFF JUG";"2222 Park Place Bldg.2, Suites A & B";89423;Minden;US;Sales@tuffjug.com;;"Parts Europe";"Conrad Röntgen-Str. 2";54332;Wasserliesch;DE;sales@partseurope.eu;www.partseurope.eu
CAPIT;"Via G. Mattei 45";20020;"Arese (MI)";IT;info@capit.it;;;;;;;;
AKRAPOVIC;"Malo Hudo 8a";1295;"Ivančna Gorica ";SI;info@akrapovic.com;www.akrapovic.com;;;;;;;
"MUELLER MOTORCYCLE AG";"Rudolf-Diesel-Straße 30";86554;Pöttmes;DE;info@m-motorcycle.de;;;;;;;;
"CYCLE ELECTRIC INC";"8734 Dayton Greenville Pike";45309;Brookville;US;;;"Parts Europe";"Conrad Röntgen-Str. 2";54332;Wasserliesch;DE;sales@partseurope.eu;www.partseurope.eu
"FEULING PARTS";"3740 Oceanic Way #304";92056;OCEANSIDE;US;info@FeulingParts.com;;"Parts Europe";"Conrad Röntgen-Str. 2";54332;Wasserliesch;DE;sales@partseurope.eu;www.partseurope.eu
"CYCLE VISIONS";"4263 TAYLOR STREET";92110;"San Diego, CA";US;sales@cyclevisions.com;;"Parts Europe";"Conrad Röntgen-Str. 2";54332;Wasserliesch;DE;sales@partseurope.eu;www.partseurope.eu
SENA;"Paul-Henri-Spaak-Str. 22";51069;Köln;DE;sales.eu@sena.com;;;;;;;;
"DAKOTA DIGITAL";"9395 FERON BLVD C";91730;"Rancho Cucamonga, CA";US;sales@cyclesmiths.com;;"Parts Europe";"Conrad Röntgen-Str. 2";54332;Wasserliesch;DE;sales@partseurope.eu;www.partseurope.eu
HOGTUNES;"Unit # 14 - 70 Ellis Drive";"L4N 8Z3";"Barrie, Ontario";CA;info@hogtunes.com;;"Parts Europe";"Conrad Röntgen-Str. 2";54332;Wasserliesch;DE;sales@partseurope.eu;www.partseurope.eu
"DAYTONA TWIN TEC LLC";"240 SPRINGVIEW COMMERCE, DR.,BLDG 1-J";32713;"Debary, FL";US;;;"Parts Europe";"Conrad Röntgen-Str. 2";54332;Wasserliesch;DE;sales@partseurope.eu;www.partseurope.eu
"GEARS CANADA";"PERFORMANCE MOTORSPORTS, INTERNATIONAL INC,7201 INDUSTRIAL PARK BLVD.";44060;"Mentor, OH";US;inquiries@rwbteam.com;;"Parts Europe";"Conrad Röntgen-Str. 2";54332;Wasserliesch;DE;sales@partseurope.eu;www.partseurope.eu
CALIBER;"900 W 128th St, Suite 200";55337-2454;"Burnsville, MN";US;info@caliberproductsinc.com;;"Parts Europe";"Conrad Röntgen-Str. 2";54332;Wasserliesch;DE;sales@partseurope.eu;www.partseurope.eu
"DRAG SPECIALTIES OIL";"3501 Kennedy Road";53547;Janesville;US;;www.parts-unlimited.com;"Parts Europe";"Conrad Röntgen-Str. 2";54332;Wasserliesch;DE;sales@partseurope.eu;www.partseurope.eu
"NGK SPARK PLUGS";"Harkortstraße 41";40880;Ratingen;DE;;;;;;;;;
"CUSTOM CYCLE ENGINEERING";"1970 PEACOCK BLVD, OCEANSIDE, CA 92056";;Oceanside;US;SALES@CUSTOMCYCLEENGINEERING.COM;;"Parts Europe";"Conrad Röntgen-Str. 2";54332;Wasserliesch;DE;sales@partseurope.eu;www.partseurope.eu
"PERFORMANCE MACHINE (PM)";"13861 Rosecrans Ave";90670;"Santa Fe Springs";US;info@performancemachine.com;;"Parts Europe";"Conrad Röntgen-Str. 2";54332;Wasserliesch;DE;sales@partseurope.eu;www.partseurope.eu
DYNOJET;"2191 Mendenhall Dr. Suite 105";89081;"North Las Vegas";US;Sales@dynojet.com;;"Parts Europe";"Conrad Röntgen-Str. 2";54332;Wasserliesch;DE;sales@partseurope.eu;www.partseurope.eu
"EASTERN MOTORCYCLE PARTS";"5120 HILDA ROAD, BLACKVILLE, SC 29817";;Balckville;US;easternmcparts@yahoo.com;;"Parts Europe";"Conrad Röntgen-Str. 2";54332;Wasserliesch;DE;sales@partseurope.eu;www.partseurope.eu
EMGO;"2F, 142 Min Chuan E. Rd.  Sec 2";104;Taipei;TW;steve@emgo.com;;"Parts Europe";"Conrad Röntgen-Str. 2";54332;Wasserliesch;DE;sales@partseurope.eu;www.partseurope.eu
"SCAR RACING";"10 Rue de Belle Ile";56400;Plougoumelen;FR;info@scar-racing.com;;;;;;;;
GARDNER-WESTCOTT;"10110 SIX MILE ROAD, NORTHVILLE, MI 48168-9426";;Northville;US;sales@gardner-westcott.com;;"Parts Europe";"Conrad Röntgen-Str. 2";54332;Wasserliesch;DE;sales@partseurope.eu;www.partseurope.eu
"TERRY COMPONENTS";"20835 W. 8400 S, DUCHESNE, UT 84021";;Duchesne;US;;;"Parts Europe";"Conrad Röntgen-Str. 2";54332;Wasserliesch;DE;sales@partseurope.eu;www.partseurope.eu
CONTINENTAL;"Continental-Plaza 1 ";30165;Hannover;DE;mail_service@conti.de;;;;;;;;
CLYMER;"New Era Estate";"PO22 9NQ";"Bognor Regis";GB;customer@wiley.com;;"Parts Europe";"Conrad Röntgen-Str. 2";54332;Wasserliesch;DE;sales@partseurope.eu;www.partseurope.eu
"PRO-ONE PERF.MFG.";"840 W.9TH ST., SUITE E";91786;"Upland, CA";US;;;"Parts Europe";"Conrad Röntgen-Str. 2";54332;Wasserliesch;DE;sales@partseurope.eu;www.partseurope.eu
BREMBO;;;;;;;;;;;;;
"JAMES GASKET";"37 ENTERPRISE WAY";89403;DAYTON;US;;;"Parts Europe";"Conrad Röntgen-Str. 2";54332;Wasserliesch;DE;sales@partseurope.eu;www.partseurope.eu
JIMS;"555 DAWSON DR";93012;Camarillo;US;;;"Parts Europe";"Conrad Röntgen-Str. 2";54332;Wasserliesch;DE;sales@partseurope.eu;www.partseurope.eu
KURYAKYN;"100 Tournament Dr.";19044;Horsham;US;;;"Parts Europe";"Conrad Röntgen-Str. 2";54332;Wasserliesch;DE;sales@partseurope.eu;www.partseurope.eu
"LA CHOPPERS";"5221 Oceanus Drive";92649;"HUNTINGTON BEACH";US;help@tolemar.com;;"Parts Europe";"Conrad Röntgen-Str. 2";54332;Wasserliesch;DE;sales@partseurope.eu;www.partseurope.eu
"LEGEND SUSPENSION";"3461 Whitewood Service Rd";57785;Sturgis;US;service@legendsuspensions.com;;"Parts Europe";"Conrad Röntgen-Str. 2";54332;Wasserliesch;DE;sales@partseurope.eu;www.partseurope.eu
"LE PERA";"8207 Lankershim Blvd.";91605;"North Hollywood";US;info@lepera.com;;"Parts Europe";"Conrad Röntgen-Str. 2";54332;Wasserliesch;DE;sales@partseurope.eu;www.partseurope.eu
LINDBY;"1565 W BROADWAY";92802;Anaheim;US;sales@lindbycustom.com;;"Parts Europe";"Conrad Röntgen-Str. 2";54332;Wasserliesch;DE;sales@partseurope.eu;www.partseurope.eu
ACCUTRONIX;"1138 W. WATKINS ST";85007;"Phoenix, AZ";US;;;"Parts Europe";"Conrad Röntgen-Str. 2";54332;Wasserliesch;DE;sales@partseurope.eu;www.partseurope.eu
WISECO;"Pesetaweg 27.";"2153 PJ";"Nieuw Vennep";NL;info@rwbteam.eu;www.racewinningbrandseurope.com;;;;;;;
DYNATEK;"2191 Mendenhall Dr. #105.";89031;"North Las Vegas";US;sales@dynaonline.com;;"Parts Europe";"Conrad Röntgen-Str. 2";54332;Wasserliesch;DE;sales@partseurope.eu;www.partseurope.eu
"MOTION PRO";"3171 Swetzer Road.";95650;Loomis;US;;;"Parts Europe";"Conrad Röntgen-Str. 2";54332;Wasserliesch;DE;sales@partseurope.eu;www.partseurope.eu
MOTHERWELL;"7074 Portal Way #140.";98248;Ferndale;US;sales@motherwellproducts.com;;"Parts Europe";"Conrad Röntgen-Str. 2";54332;Wasserliesch;DE;sales@partseurope.eu;www.partseurope.eu
PINGEL;"2072 11TH AVE";53910;"Adams, WI";US;;;"Parts Europe";"Conrad Röntgen-Str. 2";54332;Wasserliesch;DE;sales@partseurope.eu;www.partseurope.eu
MUSTANG;"4 Springfield Street";01080;"Three Rivers";US;Salesadmin@mustangseats.com;;"Parts Europe";"Conrad Röntgen-Str. 2";54332;Wasserliesch;DE;sales@partseurope.eu;www.partseurope.eu
BEL-RAY;"18870 Eastex Freeway, Hwy 59N";77338;Humble;US;customerservice@‌calumet.com;;"Parts Europe";"Conrad Röntgen-Str. 2";54332;Wasserliesch;DE;sales@partseurope.eu;www.partseurope.eu
PAUGHCO;"PO BOX 21390";89721;"Carson City, NV";US;INFO@PAUGHCO.COM;;"Parts Europe";"Conrad Röntgen-Str. 2";54332;Wasserliesch;DE;sales@partseurope.eu;www.partseurope.eu
LOCTITE;"Gutenbergstrasse 3";85748;Garching;DE;;;;;;;;;
KIBBLEWHITE;"580-H Crespi Drive";94044;Pacifica;US;sales@kpmi.us;;"Parts Europe";"Conrad Röntgen-Str. 2";54332;Wasserliesch;DE;sales@partseurope.eu;www.partseurope.eu
"IMS PRODUCTS INC.";"700 S HATHAWAY UNIT E";92220;"Banning, CA";US;info@imsproducts.com;www.imsproducts.com;"Parts Europe";"Conrad Röntgen-Str. 2";54332;Wasserliesch;DE;sales@partseurope.eu;www.partseurope.eu
MAIER;"416 CROWN POINT CIRCLE, SUITE 3";95945;"Grass Valley, CA";US;;www.maierusa.com;"Parts Europe";"Conrad Röntgen-Str. 2";54332;Wasserliesch;DE;sales@partseurope.eu;www.partseurope.eu
KIMPEX;"100 WALNUT ST";12919;"Champlain, NY";US;sales.assist@kimpex.com;;"Parts Europe";"Conrad Röntgen-Str. 2";54332;Wasserliesch;DE;sales@partseurope.eu;www.partseurope.eu
SUMAX;"450 OTSEGO ST";13357;"Ilion, NY";US;info@sumax.com;;"Parts Europe";"Conrad Röntgen-Str. 2";54332;Wasserliesch;DE;sales@partseurope.eu;www.partseurope.eu
"CHRIS PRODUCTS";"PO BOX 1015";97051;"Saint Helens, OR";US;;;"Parts Europe";"Conrad Röntgen-Str. 2";54332;Wasserliesch;DE;sales@partseurope.eu;www.partseurope.eu
TIMKEN;"THE TIMKEN COMPANY, P.O. BOX 6929";44706;"Canton, OH";US;;;"Parts Europe";"Conrad Röntgen-Str. 2";54332;Wasserliesch;DE;sales@partseurope.eu;www.partseurope.eu
"CAMSO - ATV";"4162 rue Burrill, Local A";"G9N 0C3";Shawinigan;CA;;;"Parts Europe";"Conrad Röntgen-Str. 2";54332;Wasserliesch;DE;sales@partseurope.eu;www.partseurope.eu
"PAUL YAFFE BAGGER NATION";"2211 EAST INDIAN SCHOOL, ROAD";85016;"Phoenix, AZ";US;;;"Parts Europe";"Conrad Röntgen-Str. 2";54332;Wasserliesch;DE;sales@partseurope.eu;www.partseurope.eu
DENSO;"Freisinger Str. 21-23";85386;Eching;DE;;;;;;;;;
DID;"Via del Fonditore, 16";40127;Bologna;IT;;;;;;;;;
BRIDGESTONE;"Franklinstraße 61-63";60486;"Frankfurt Am Main";DE;gpsr-contact@bridgestone.eu;;;;;;;;
DUNLOP;"Dunlopstrasse 2";63450;Hanau;DE;info@goodyear.de;;;;;;;;
SADDLEMEN;"17801 S Susana Rd";90221;Compton;US;sales@saddlemen.com;;"Parts Europe";"Conrad Röntgen-Str. 2";54332;Wasserliesch;DE;sales@partseurope.eu;www.partseurope.eu
"K & N";"Verdunplein 6";"5627 SZ";Eindhoven;NL;Eindhoven.Sales@knfilters.com;;;;;;;;
"MEMPHIS SHADES METRIC";"125 Morrison Rd.";38066;Rossville;US;customerservice@memphisshades.com;;"Parts Europe";"Conrad Röntgen-Str. 2";54332;Wasserliesch;DE;sales@partseurope.eu;www.partseurope.eu
"MEMPHIS SHADES HD";"125 Morrison Rd.";38066;Rossville;US;customerservice@memphisshades.com;;"Parts Europe";"Conrad Röntgen-Str. 2";54332;Wasserliesch;DE;sales@partseurope.eu;www.partseurope.eu
"STOP & GO INTERNATIONAL";"4500 DONIPHAN DRIVE, NEOSHO, MO 64850";;Neosho;US;sales@massdepot.com;;"Parts Europe";"Conrad Röntgen-Str. 2";54332;Wasserliesch;DE;sales@partseurope.eu;www.partseurope.eu
MICHELIN;"Michelinstraße 4";76185;Karlsruhe;DE;vertrieb-zweirad@de.michelin.com;;;;;;;;
ITP;"Szent József út 4";2071;Páty;HU;eucs@carlstargroup.com;;;;;;;;
METZELER;"Postfach 1120";64733;"Höchst / Odenwald";DE;;;;;;;;;
YUASA;"Europark Fichtenhain B 17";47807;Krefeld;DE;info@gs-yuasa.de;www.gs-battery.com;;;;;;;
"DRAG SPECIALTIES BATTERIES";"3501 Kennedy Road ";53547;Janesville;US;;www.parts-unlimited.com;"Parts Europe";"Conrad Röntgen-Str. 2";54332;Wasserliesch;DE;sales@partseurope.eu;www.partseurope.eu
SLIPSTREAMER;"10820 MANKATO ST NE";55449;Blaine;US;info@slipstreamer.com;www.slipstreamer.com;"Parts Europe";"Conrad Röntgen-Str. 2";54332;Wasserliesch;DE;sales@partseurope.eu;www.partseurope.eu
BOYESEN;"8 Rhoades Rd.";19534;Lenhartsville;US;;;"Parts Europe";"Conrad Röntgen-Str. 2";54332;Wasserliesch;DE;sales@partseurope.eu;www.partseurope.eu
"VANCE & HINES";"13861 Rosecrans Ave.";90670;"Santa Fe Springs";US;;www.vanceandhines.com;"Parts Europe";"Conrad Röntgen-Str. 2";54332;Wasserliesch;DE;sales@partseurope.eu;www.partseurope.eu
RK;"K&H Bldg 2F, 3-30-4 Nishi-Ikebukuro";171-0021;Tokyo;JP;;www.global.rk-japan.co.jp;"Parts Europe";"Conrad Röntgen-Str. 2";54332;Wasserliesch;DE;sales@partseurope.eu;www.partseurope.eu
EXCEL;"2645 VISTA PACIFIC DR., OCEANSIDE, CA 92056";;Oceanside;US;;;"Parts Europe";"Conrad Röntgen-Str. 2";54332;Wasserliesch;DE;sales@partseurope.eu;www.partseurope.eu
"DRAG SPECIALTIES SHOCKS";"3501 Kennedy Road ";53547;Janesville;US;;www.parts-unlimited.com;"Parts Europe";"Conrad Röntgen-Str. 2";54332;Wasserliesch;DE;sales@partseurope.eu;www.partseurope.eu
"K&S TECHNOLOGIES";"9710 Scranton Rd. Ste. 150";92121;"San Diego";US;ksinternational@att.net;;"Parts Europe";"Conrad Röntgen-Str. 2";54332;Wasserliesch;DE;sales@partseurope.eu;www.partseurope.eu
"PROGRESSIVE SUSPENSION";"13861 Rosecrans Avenue";90670;"Santa Fe Springs";US;info@performancemachine.com;;"Parts Europe";"Conrad Röntgen-Str. 2";54332;Wasserliesch;DE;sales@partseurope.eu;www.partseurope.eu
GARLAND;"55 INDUSTRIAL PARK RD, PO BOX 538, SACO, ME 04072";;Saco;US;garland@garlandmfg.com;;"Parts Europe";"Conrad Röntgen-Str. 2";54332;Wasserliesch;DE;sales@partseurope.eu;www.partseurope.eu
COBRA;"23801 E. La Palma Ave.";92887;"Yorba Linda";US;info@cobra-engineering.co.uk;;"Parts Europe";"Conrad Röntgen-Str. 2";54332;Wasserliesch;DE;sales@partseurope.eu;www.partseurope.eu
THUNDERMAX;"120 INDUSTRIAL DRIVE, WHITE HOUSE, TN 37188";;"White House";US;info@thunder-heart.com;;"Parts Europe";"Conrad Röntgen-Str. 2";54332;Wasserliesch;DE;sales@partseurope.eu;www.partseurope.eu
SBS;"Kuopiovej 11";5700;Svendborg;DK;sbs@sbs.dk;;;;;;;;
"UNI FILTER";"1468 S MANHATTAN AVE";92831;"Fullerton, CA";US;;;"Parts Europe";"Conrad Röntgen-Str. 2";54332;Wasserliesch;DE;sales@partseurope.eu;www.partseurope.eu
"LA SLEEVE";"12051 RIVERA RD";90670;"Santa Fe Springs, CA";US;;;"Parts Europe";"Conrad Röntgen-Str. 2";54332;Wasserliesch;DE;sales@partseurope.eu;www.partseurope.eu
PIRELLI;"Postfach 1120";64733;"Höchst / Odenwald";DE;;;;;;;;;
MAGURA;"Eckisstraße 6 ";72574;"Bad Urach";DE;powersports@magura.de;;;;;;;;
"RICK'S MOTORSPORT ELECTRIC";"48 Gigante Drive";03841;Hampstead;US;DistributorSales@ricksmotorsportelectrics.com;;"Parts Europe";"Conrad Röntgen-Str. 2";54332;Wasserliesch;DE;sales@partseurope.eu;www.partseurope.eu
AVON;"Dunlopstrasse 2";63450;Hanau;DE;service-mc.dach@goodyear.com;;;;;;;;
"PROMOTIONAL ITEMS VENDOR";;;;;;;;;;;;;
"K&L SUPPLY";"2099 S. 10TH STREET, UNIT 80";95112;"San Jose, CA";US;;;"Parts Europe";"Conrad Röntgen-Str. 2";54332;Wasserliesch;DE;sales@partseurope.eu;www.partseurope.eu
"JAGG OIL COOLERS";"24 S. CLAYTON STREET, PO BOX 847";43011;"Centerburg, OH";US;info@setrabusa.com;;"Parts Europe";"Conrad Röntgen-Str. 2";54332;Wasserliesch;DE;sales@partseurope.eu;www.partseurope.eu
"MOTOR TRIKE";"22667 FM 15";75789;Troup;US;info@motortrike.com;;"Parts Europe";"Conrad Röntgen-Str. 2";54332;Wasserliesch;DE;sales@partseurope.eu;www.partseurope.eu
REGINA;"Via Monza 90";23870;"Cernusco Lombardone (LC)";IT;sales@reginachain.net;;;;;;;;
"NELSON RIGG";"3518 LAKE CENTER DR., STE A";92704;"SANTA ANA";US;info@nelsonrigg.com;;"Parts Europe";"Conrad Röntgen-Str. 2";54332;Wasserliesch;DE;sales@partseurope.eu;www.partseurope.eu
RENTHAL;"Bredbury Park Way";"SK6 2SN";Stockport;GB;;;"Parts Europe";"Conrad Röntgen-Str. 2";54332;Wasserliesch;DE;sales@partseurope.eu;www.partseurope.eu
ALPINESTARS(MX);"VIALE E. - FERMI 5";31011;ASOLO;IT;help.eu@alpinestars.com;;;;;;;;
100%;"4141 Ruffin Road";92123;"San Diego";US;info@100percent.com;;"Parts Europe";"Conrad Röntgen-Str. 2";54332;Wasserliesch;DE;sales@partseurope.eu;www.partseurope.eu
"PRO GRIP";"Via Giovanni Gasparoli n° 112";21012;"Cassano Magnago";IT;progrip@progrip.it;;;;;;;;
"MOOSE OFFROAD HARD-PARTS";"3501 Kennedy Road ";53547;Janesville;US;;www.parts-unlimited.com/;"Parts Europe";"Conrad Röntgen-Str. 2";54332;Wasserliesch;DE;sales@partseurope.eu;www.partseurope.eu
"MOOSE OFFROAD SOFT-GOODS";"3501 Kennedy Road ";53547;Janesville;US;;www.parts-unlimited.com;"Parts Europe";"Conrad Röntgen-Str. 2";54332;Wasserliesch;DE;sales@partseurope.eu;www.partseurope.eu
"MOOSE OFFROAD FOUR WHEEL";"3501 Kennedy Road ";53547;Janesville;US;;www.parts-unlimited.com;"Parts Europe";"Conrad Röntgen-Str. 2";54332;Wasserliesch;DE;sales@partseurope.eu;www.partseurope.eu
"MOOSE OFFROAD- SNOW";"3501 Kennedy Road ";53547;Janesville;US;;www.parts-unlimited.com;"Parts Europe";"Conrad Röntgen-Str. 2";54332;Wasserliesch;DE;sales@partseurope.eu;www.partseurope.eu
FMF;"18033 S SANTA FE AVE";90221;"RANCHO DOMINGUEZ";US;sales@fmfracing.com;;"Parts Europe";"Conrad Röntgen-Str. 2";54332;Wasserliesch;DE;sales@partseurope.eu;www.partseurope.eu
EPI;"8273 Industrial Park Road";56425;Baxter;US;sales@epiperformance.com;;"Parts Europe";"Conrad Röntgen-Str. 2";54332;Wasserliesch;DE;sales@partseurope.eu;www.partseurope.eu
"GOLD SCREWS";"410 N GILBERT, SOUTH ELGIN, IL 60177";;"South Elgin";US;info@goldscrew.eu;;"Parts Europe";"Conrad Röntgen-Str. 2";54332;Wasserliesch;DE;sales@partseurope.eu;www.partseurope.eu
SOLAS;"37,35TH RD, TAICHUNG INDUSTRIAL PARK, TAICHUNG, 407 TAIWAN, REPUBLIC OF CHINA";;Taiwan;CN;;;"Parts Europe";"Conrad Röntgen-Str. 2";54332;Wasserliesch;DE;sales@partseurope.eu;www.partseurope.eu
UFO;"Via Marco Polo 155";56031;Bientina;IT;info@ufoplast.it;;;;;;;;
THOR;"3501 Kennedy Road ";53547;Janesville;US;;www.parts-unlimited.com;"Parts Europe";"Conrad Röntgen-Str. 2";54332;Wasserliesch;DE;sales@partseurope.eu;www.partseurope.eu
SLIPPERY;"3501 Kennedy Road ";53547;Janesville;US;;www.parts-unlimited.com;"Parts Europe";"Conrad Röntgen-Str. 2";54332;Wasserliesch;DE;sales@partseurope.eu;www.partseurope.eu
DYNOJET-HARLEY;"2191 Mendenhall Dr. Suite 105";89081;"North Las Vegas";US;Sales@dynojet.com;;"Parts Europe";"Conrad Röntgen-Str. 2";54332;Wasserliesch;DE;sales@partseurope.eu;www.partseurope.eu
"JT CHAINS";"30 Optima Park";"DA1 4QX";"Crayford, Kent";GB;sales@bikealert.com;;"Parts Europe";"Conrad Röntgen-Str. 2";54332;Wasserliesch;DE;sales@partseurope.eu;www.partseurope.eu
BILTWELL;"42349 Winchester Rd.";92590;Temecula;US;service@biltwellinc.com;;"Parts Europe";"Conrad Röntgen-Str. 2";54332;Wasserliesch;DE;sales@partseurope.eu;www.partseurope.eu
"DP BRAKES";"25 Alliance Close";"CV11 6SD";Nuneaton;GB;ella@dp-brakes.com;;"Parts Europe";"Conrad Röntgen-Str. 2";54332;Wasserliesch;DE;sales@partseurope.eu;www.partseurope.eu
HAYNES;"New Era Estate";"PO22 9NQ";"Bognor Regis";GB;customer@wiley.com;;"Parts Europe";"Conrad Röntgen-Str. 2";54332;Wasserliesch;DE;sales@partseurope.eu;www.partseurope.eu
WARN;"12900 SE Capps Road";97015-8903;Clackamas;US;cs@warn.com;;"Parts Europe";"Conrad Röntgen-Str. 2";54332;Wasserliesch;DE;sales@partseurope.eu;www.partseurope.eu
"PRO CIRCUIT";"2771 Wardlow Rd.";92882;Corona;US;info@procircuit.com;;"Parts Europe";"Conrad Röntgen-Str. 2";54332;Wasserliesch;DE;sales@partseurope.eu;www.partseurope.eu
"BURLY BRAND";"13861 Rosecrans Avenue";90670;"Santa Fe Springs";US;info@performancemachine.com;;"Parts Europe";"Conrad Röntgen-Str. 2";54332;Wasserliesch;DE;sales@partseurope.eu;www.partseurope.eu
LEOVINCE;"Ul. Puławska 2 Bud. B";02-566;Warszawa;PL;info@leovince.de;;;;;;;;
SPYKE;"SPYKE , 10955 Mill Creek Rd., LENEXA, KS 66219";;Lenexa;US;sales@pertronix.com;;"Parts Europe";"Conrad Röntgen-Str. 2";54332;Wasserliesch;DE;sales@partseurope.eu;www.partseurope.eu
"WILD 1";"17602 SAMPSON LN, HUNTINGTON BEACH, CA 92647";;"HUNTINGTON BEACH";US;joey@wild1inc.com;;"Parts Europe";"Conrad Röntgen-Str. 2";54332;Wasserliesch;DE;sales@partseurope.eu;www.partseurope.eu
NAMZ;"1440 Ulmer Avenue";19075-1700;Oreland;US;salesteam@namzccp.com;;"Parts Europe";"Conrad Röntgen-Str. 2";54332;Wasserliesch;DE;sales@partseurope.eu;www.partseurope.eu
WSM;"61 Floyds Run";11716;Bohemia;US;;;"Parts Europe";"Conrad Röntgen-Str. 2";54332;Wasserliesch;DE;sales@partseurope.eu;www.partseurope.eu
"ALTO PRODUCTS";"1 ALTO WAY, ATMORE, AL 36502";;Atmore;US;sales@altousa.com;;"Parts Europe";"Conrad Röntgen-Str. 2";54332;Wasserliesch;DE;sales@partseurope.eu;www.partseurope.eu
POWERMADD;"26449 FALLBROOK AVE., WYOMING, MN 55092";;Wyoming;US;sales@motovationinc.com;www.powermadd.com;"Parts Europe";"Conrad Röntgen-Str. 2";54332;Wasserliesch;DE;sales@partseurope.eu;www.partseurope.eu
MOTO-MASTER;"Smaragdweg 12    ";5527LB;"Hapert  ";NL;info@moto-master.com;;;;;;;;
"KLOCK WERKS";"915 S. Kimball St.";57301;Mitchell;US;;;"Parts Europe";"Conrad Röntgen-Str. 2";54332;Wasserliesch;DE;sales@partseurope.eu;www.partseurope.eu
TECMATE;"Neringstraat 14";3300;Tienen;BE;;;;;;;;;
"KHROME WERKS";"67 Fifth Street N.E.";55963-9196;"Pine Island";US;;;"Parts Europe";"Conrad Röntgen-Str. 2";54332;Wasserliesch;DE;sales@partseurope.eu;www.partseurope.eu
PROX;"Pesetaweg 27";"2153 PJ";"Nieuw Vennep";NL;info@rwbteam.eu;www.racewinningbrandseurope.com;;;;;;;
"BASSANI XHAUST";"2900 E. La Jolla";92806;Anaheim;US;;;"Parts Europe";"Conrad Röntgen-Str. 2";54332;Wasserliesch;DE;sales@partseurope.eu;www.partseurope.eu
"CYLINDER WORKS";"3705 95th Ave. NE";55014;Blaine;US;keyaccounts@allballsracinggroup.com;;"Parts Europe";"Conrad Röntgen-Str. 2";54332;Wasserliesch;DE;sales@partseurope.eu;www.partseurope.eu
BARON;"1200 FORUM WAY SOUTH, FORT WORTH, TX 76140";;"Forth Worth";US;info@maygroupusa.com;;"Parts Europe";"Conrad Röntgen-Str. 2";54332;Wasserliesch;DE;sales@partseurope.eu;www.partseurope.eu
PSR;"157 STARE ST";91767;POMONA;US;;;"Parts Europe";"Conrad Röntgen-Str. 2";54332;Wasserliesch;DE;sales@partseurope.eu;www.partseurope.eu
VERTEX;"Via  T. Tasso 1";42122;"Reggio Emilia";IT;;;"Parts Europe";"Conrad Röntgen-Str. 2";54332;Wasserliesch;DE;sales@partseurope.eu;www.partseurope.eu
"KOSO NORTH AMERICA";"Dr.Walter-Bruch-Strasse 9";66606;"St. Wendel";DE;info@kosoeurope.com;;;;;;;;
MUC-OFF;"Unit 23 Branksome Business Park";"BH12 1DW";"Poole, Dorset";GB;customerservice@muc-off.com;;"Parts Europe";"Conrad Röntgen-Str. 2";54332;Wasserliesch;DE;sales@partseurope.eu;www.partseurope.eu
DYNATEK-HARLEY;"2191 Mendenhall Dr. #105";89031;"North Las Vegas";US;sales@dynaonline.com;;"Parts Europe";"Conrad Röntgen-Str. 2";54332;Wasserliesch;DE;sales@partseurope.eu;www.partseurope.eu
TRW;"Obere Weiden 12";97424;Schweinfurt;DE;;;;;;;;;
"PARTS EUROPE PROMOTION";;;;;;;;;;;;;
POLISPORT;"Avenida Ferreira de Castro, 818 Fontanheira ";3720-024;Carregosa;PT;polisport@polisport.com;;;;;;;;
"DAYCO PRODUCTS,LLC";"Via Papa Leone XIII, 45";66100;"Chieti Scalo";IT;;;;;;;;;
"TODD'S CYCLE";"5221 Oceanus Drive";92649;"HUNTINGTON BEACH";US;info@tolemar.com;;"Parts Europe";"Conrad Röntgen-Str. 2";54332;Wasserliesch;DE;sales@partseurope.eu;www.partseurope.eu
"ROX SPEED FX";"37829 Rock Haven Road";55721;Cohasset;US;sales@roxspeedfx.com;www.roxspeedfx.com;"Parts Europe";"Conrad Röntgen-Str. 2";54332;Wasserliesch;DE;sales@partseurope.eu;www.partseurope.eu
"DWT DOUGLAS WHEEL";"42092 Winchester Road, Unit B";92590;Temecula;US;;;"Parts Europe";"Conrad Röntgen-Str. 2";54332;Wasserliesch;DE;sales@partseurope.eu;www.partseurope.eu
"BIKE LIFT";"Via Don Milani, 40-42";43012;"Sanguinaro di Fontanellato";IT;sales@bikelifteurope.it;;;;;;;;
"RIVCO PRODUCTS";"PO BOX 480, JACKSON, WI 53037";;"Jackson ";US;sales@rivcoproducts.com;;"Parts Europe";"Conrad Röntgen-Str. 2";54332;Wasserliesch;DE;sales@partseurope.eu;www.partseurope.eu
"CUSTOM DYNAMICS";"15 Cypress Drive";27596;Youngsville;US;info@customdynamics.com;;"Parts Europe";"Conrad Röntgen-Str. 2";54332;Wasserliesch;DE;sales@partseurope.eu;www.partseurope.eu
DAYTONA;"4805 Ichinomiya, Mori-machi, ";437-0226;"Shizuoka ";JP;info@daytona-mc.jp;;"Parts Europe";"Conrad Röntgen-Str. 2";54332;Wasserliesch;DE;sales@partseurope.eu;www.partseurope.eu
"STANDARD MOTOR PRODUCTS";"37-18 NORTHERN BLVD., LONG ISLAND CITY, NY 11101";;"Long Island City";US;;www.smpcorp.com;"Parts Europe";"Conrad Röntgen-Str. 2";54332;Wasserliesch;DE;sales@partseurope.eu;www.partseurope.eu
PANTHER;"2601 BATTLEFIELD ST., SPRINGFIELD, MO 65807";;Springfield;US;;;"Parts Europe";"Conrad Röntgen-Str. 2";54332;Wasserliesch;DE;sales@partseurope.eu;www.partseurope.eu
MOTOGADGET;"Wollenberger Str. 4 i/j";13053;Berlin;DE;vertrieb@motogadget.de;;;;;;;;
KELLERMANN;"Auf der Hüls 184-186";52068;Aachen;DE;;;;;;;;;
BOBSTER;"9401 Waples Street, Suite 120";92121;"San Diego";US;info@BalboaMFG.com;www.bobster.com;"Parts Europe";"Conrad Röntgen-Str. 2";54332;Wasserliesch;DE;sales@partseurope.eu;www.partseurope.eu
ODI;"3016 Kansas Ave Building #3";92507;Riverside;US;info@odigrips.com;www.odigrips.com;"Parts Europe";"Conrad Röntgen-Str. 2";54332;Wasserliesch;DE;sales@partseurope.eu;www.partseurope.eu
"SAMCO SPORT";"Coed Cae Lane";"CF72 9HJ";Pontyclun;GB;hosesolutions@silflex.com;;"Parts Europe";"Conrad Röntgen-Str. 2";54332;Wasserliesch;DE;sales@partseurope.eu;www.partseurope.eu
TNK;"Strada della Romagna 361";61121;Pesaro;IT;info@andreanigroup.com;www.andreanigroup.com;;;;;;;
FUEL-TOOL;"94 WEST SHORE RD, DENVILLE, NJ 07834";;DENVILLE;US;mikemcavey@fueltool.com;www.fueltool.com;"Parts Europe";"Conrad Röntgen-Str. 2";54332;Wasserliesch;DE;sales@partseurope.eu;www.partseurope.eu
"RAM MOUNTS";"8410 DALLAS AVE S, SEATTLE, WA 98108";;Seattle;US;support@rammount.com;www.rammount.com;"Parts Europe";"Conrad Röntgen-Str. 2";54332;Wasserliesch;DE;sales@partseurope.eu;www.partseurope.eu
"SPEED MERCHANT";"1401 EAST 28TH ST., SIGNAL HILL, CA 90755";;"Signal Hill";US;;www.thespeedmerchant.net;"Parts Europe";"Conrad Röntgen-Str. 2";54332;Wasserliesch;DE;sales@partseurope.eu;www.partseurope.eu
FLOSSER;"Diedenhofener Str. 18";54294;Trier;DE;flosser@flosser.com;;;;;;;;
GALFER;"Ctra. Montmeló, 50";08403;Granollers;ES;info@galfer.es;www.galfer.eu;;;;;;;
HYPERPRO;"Hulsenboschstraat 26";4251LR;Werkendam;NL; info@hyperpro.com;www.hyperpro.com;;;;;;;
TRASK;"21601 N. 3RD AVE. #D, PHOENIX, AZ 85027";;Phoenix;US;;www.traskperformance.com;"Parts Europe";"Conrad Röntgen-Str. 2";54332;Wasserliesch;DE;sales@partseurope.eu;www.partseurope.eu
GET;"Via delle Albere 13";36045;"Alonte (VI)";IT;info@athenaspa.com;;;;;;;;
"DRAG SPECIALTIES SEATS";"19140 LINDEN DRIVE, PO BOX 265, ROGERS, MN 55374";;Janesville;US;;www.seats.dragspecialties.com;"Parts Europe";"Conrad Röntgen-Str. 2";54332;Wasserliesch;DE;sales@partseurope.eu;www.partseurope.eu
SPARK;"Via dell'Industria, 6/8";46010;Curtatone;IT;info@spark.it;;;;;;;;
PRESSOL;"Tiergartenstraße 5";79423;Heitersheim;DE;info@Pressol.com;www.pressol.com;;;;;;;
NEKEN;"ZA de l’Eglantier";49610;"Mûrs Erigné";FR;contact@neken.fr;;;;;;;;
"PARTS EUROPE BATTERIES";Conrad-Röntgen-Str.2;#N/A;Wasserliesch;DE;sales@partseurope.eu;;"Parts Europe";"Conrad Röntgen-Str. 2";54332;Wasserliesch;DE;sales@partseurope.eu;www.partseurope.eu
HEIDENAU;"Hauptstraße 44";D-01809;Heidenau;DE;info@heidenau.com;;;;;;;;
TECHNORESEARCH;"4940 Delemere Ave";48073;"Royal Oak";US;sales@technoresearch.com;;"Parts Europe";"Conrad Röntgen-Str. 2";54332;Wasserliesch;DE;sales@partseurope.eu;www.partseurope.eu
"DT-1 RACING EUROPE";"Luikersteenweg 311";3920;Lommel;BE;bisnv@skynet.be;www.dt1-europe.com;;;;;;;
KITE;"Via alle Villette, 48";23826;"Mandello del Lario (Lc)";IT;info@kite-parts.com;www.blackbirdracing.com;;;;;;;
"BLACKBIRD RACING";"Via G. Morasso 21/5";16163;Genova;IT;info@algisnet.it;;;;;;;;
"SELLE DALLA VALLE";"Via delle Albere 13";36045;"Alonte (VI)";IT;info@athenaspa.com;;;;;;;;
"J.W. SPEAKER";"N120 W19434 Freistadt Road";53022-8211;Germantown;US;speaker@jwspeaker.com;www.jwspeaker.com;"Parts Europe";"Conrad Röntgen-Str. 2";54332;Wasserliesch;DE;sales@partseurope.eu;www.partseurope.eu
"GILLES TOOLING";"26, Op der Ahlkerrech";L-6776;Grevenmacher;LU;info@gillestooling.com;;;;;;;;
"ICON - 1000";"3501 Kennedy Road ";53547;Janesville;US;;www.parts-unlimited.com;"Parts Europe";"Conrad Röntgen-Str. 2";54332;Wasserliesch;DE;sales@partseurope.eu;www.partseurope.eu
CIRO;"1310 Gateway Circle";54016;Hudson;US;sales@ciro3d.com;;"Parts Europe";"Conrad Röntgen-Str. 2";54332;Wasserliesch;DE;sales@partseurope.eu;www.partseurope.eu
DOMINO;;;;;;;;;;;;;
BERU;"Morschleimer Str. 12";67292;Kirchheimbolanden;DE;customerserviceIAM@borgwarner.com;;;;;;;;
BULLSTER;"Rue du Clos de la Rose";77990;"Le Mesnil-Amelot";FR;info@secdem.fr;www.secdem.fr;;;;;;;
"PARTS EUROPE";Conrad-Röntgen-Str.2;#N/A;Wasserliesch;DE;sales@partseurope.eu;;"Parts Europe";"Conrad Röntgen-Str. 2";54332;Wasserliesch;DE;sales@partseurope.eu;www.partseurope.eu
KSX;"Vor dem Hassel 16a";21220;Seevetal;DE;info@ksmotors.de;;;;;;;;
"RINEHART RACING";"110 Vista Blvd";28704;Arden;US;customerservice@rinehartracing.com;;"Parts Europe";"Conrad Röntgen-Str. 2";54332;Wasserliesch;DE;sales@partseurope.eu;www.partseurope.eu
"TRINITY RACING";"5221 OCEANUS DRIVE, HUNTINGTON BEACH, CA 92649";;"HUNTINGTON BEACH";US;info@trinityracing.com;www.trinityracing.com;"Parts Europe";"Conrad Röntgen-Str. 2";54332;Wasserliesch;DE;sales@partseurope.eu;www.partseurope.eu
"BITUBO S.R.L.";"Via A. Volta, 24";35037;"Selve di Teolo";IT;commerciale.italia@bitubo.com;;;;;;;;
"WILD BOAR AUDIO";"Unit # 14 - 70 Ellis Drive";"L4N 8Z3";"Barrie, Ontario";CA;info@hogtunes.com;;"Parts Europe";"Conrad Röntgen-Str. 2";54332;Wasserliesch;DE;sales@partseurope.eu;www.partseurope.eu
"LIQUI MOLY";"Jerg-Wieland-Str. 4";89081;Ulm-Lehr;DE;info@liqui-moly.de;;;;;;;;
"JE PISTONS";"Pesetaweg 27";"2153 PJ";"Nieuw Vennep";NL;info@rwbteam.eu;www.racewinningbrandseurope.com;;;;;;;
ONEDESIGN;"Via Mahatma Gandhi, 12";20851;"Lissone MB";IT;sales@print.it;www.onedesign.bike;;;;;;;
WOSSNER;"Konrad-Zuse-Str. 2";79576;"Weil am Rhein";DE;info@woessner-kolben.de;;;;;;;;
"HEINZ BIKES";"Hainbuchenstr. 4";13465;Berlin;DE;info@heinzbikes.com;www.heinzbikes.com;;;;;;;
"QUAD LOGIC";"14220 Basalt Street NW";55303;Ramsey;US;sales@quad-logic.com;;"Parts Europe";"Conrad Röntgen-Str. 2";54332;Wasserliesch;DE;sales@partseurope.eu;www.partseurope.eu
"HURLY PARTS SRL";"Via Lungolago di Calcinate 88";21100;Varese;IT;info@hurly.it;;;;;;;;
"OJ ATMOSFERE METROPOLITANE s.r.l.";"Via Soperga 32";20127;Milano;IT;info@ojatmosferemetropolitane.com;;;;;;;;
"ALPINESTARS (ROAD)";"VIALE E. - FERMI 5";31011;ASOLO;IT;help.eu@alpinestars.com;;;;;;;;
"ALPINESTARS (CASUALS)";"VIALE E. - FERMI 5";31011;ASOLO;IT;help.eu@alpinestars.com;;;;;;;;
"THRASHIN SUPPLY CO.";"555 Tech Circle";93021;Moorpark;US;techsupport@thrashinsupply.com;www.thrashinsupply.com;"Parts Europe";"Conrad Röntgen-Str. 2";54332;Wasserliesch;DE;sales@partseurope.eu;www.partseurope.eu
DEMON;"310, Steelcase Road East, Unit A";"ON L3R 1G2";Markham;CA;;www.demonpowersports.com;"Parts Europe";"Conrad Röntgen-Str. 2";54332;Wasserliesch;DE;sales@partseurope.eu;www.partseurope.eu
YSS;"88/88 M.9 Soi Phikulthong Thepharak Rd.,";10540;Samutprakarn;TH;cs@yss.co.th;www.yss.co.th;"Parts Europe";"Conrad Röntgen-Str. 2";54332;Wasserliesch;DE;sales@partseurope.eu;www.partseurope.eu
"BS BATTERY";"23 bis, rue Édouard Nieuport";92150;Suresnes;FR;sales@bs-battery.com;www.bs-battery.com;;;;;;;
KYB;"Ondernemersstraat 20";3920;Lommel;BE;info@technical-touch.com;;;;;;;;
AIRSAL;"Polígon industrial la Gavarra ";08540;Centelles;ES;contact@airsal.com;;;;;;;;
"J. COSTA";"C/Aiguafreda nº24 nave 4";08480;"L'Ametlla del Vallès ";ES;info@itscooter.es;www.jcosta.com;;;;;;;
ULTRAGARD;"2300 Pioneer Ave";54868;"Rice Lake";US;info@bigbikeparts.com;www.bigbikeparts.com;"Parts Europe";"Conrad Röntgen-Str. 2";54332;Wasserliesch;DE;sales@partseurope.eu;www.partseurope.eu
"BIG BIKE PARTS";"2300 Pioneer Ave";54868;"Rice Lake";US;info@bigbikeparts.com;www.bigbikeparts.com;"Parts Europe";"Conrad Röntgen-Str. 2";54332;Wasserliesch;DE;sales@partseurope.eu;www.partseurope.eu
"FAT BAGGERS INC.";"138 E. LINCOLN AVE.";50049;Chariton;US;sales@fatbaggers.com;;"Parts Europe";"Conrad Röntgen-Str. 2";54332;Wasserliesch;DE;sales@partseurope.eu;www.partseurope.eu
REKLUSE;"Pesetaweg 27";"2153 PJ";"Nieuw Vennep";NL;info@rwbteam.eu;www.racewinningbrandseurope.com;;;;;;;
SHOWA;"CL. SABINO ARANA, 38";08028;Barcelona;ES;sales@showabygenuinepartseurope.com;showabygenuinepartseurope.com;;;;;;;
"JT DRIVE BELTS";"30 Optima Park";"DA1 4QX";"Crayford, Kent";GB;sales@bikealert.com;;"Parts Europe";"Conrad Röntgen-Str. 2";54332;Wasserliesch;DE;sales@partseurope.eu;www.partseurope.eu
"AXEL JOOST ELEKTRONIK";"Selsinger Str. 28";27404;Rhade;DE;info@elektronikbox.de;;;;;;;;
THOR-HALLMAN;"3501 Kennedy Road ";53547;Janesville;US;;www.parts-unlimited.com;"Parts Europe";"Conrad Röntgen-Str. 2";54332;Wasserliesch;DE;sales@partseurope.eu;www.partseurope.eu
SW-MOTECH;"Ernteweg 7-10";35282;Rauschenberg;DE;info@sw-motech.com;www.sw-motech.com;;;;;;;
BIKESERVICE;"Room#1202, 12F, No. 432";11051;Tapei;TW;;www.bailey-co-ltd.com;"Parts Europe";"Conrad Röntgen-Str. 2";54332;Wasserliesch;DE;sales@partseurope.eu;www.partseurope.eu
SHINKO;"Iddergemsesteenweg 71A";9450;Denderhoutem;BE;info@shinkotire.eu;;;;;;;;
MITAS;"ÀkofjeloŽka cesta 6";4000;Kranj;SI;info-moto@mitas-tires.com;;;;;;;;
NARAKU;"Löbstedter Str. 50";07749;Jena;DE;info@racing-planet.de;www.racing-planet.com;;;;;;;
"101 OCTANE";"Löbstedter Str. 50";07749;Jena;DE;info@racing-planet.de;www.racing-planet.com;;;;;;;
SLYFOX;"17801 S SUSANA RD, COMPTON, CA 90221";;Compton;US;sales@saddlemen.com;;"Parts Europe";"Conrad Röntgen-Str. 2";54332;Wasserliesch;DE;sales@partseurope.eu;www.partseurope.eu
AUVRAY;"225 Allée du Lyonnais";26300;"Bourg-de-Péage ";FR;contact@auvray-security.com;www.auvray-security.com;;;;;;;
TECNOSEL;"Via G. Morasso 21/5";16163;Genova;IT;info@algisnet.it;www.blackbirdracing.com;;;;;;;
INTENSE;"Auerspergstrasse 29/10";5020;Salzburg;AT;;https://eu.intensecycles.com/;;;;;;;
"ALPINESTARS BICYCLE";"VIALE E. - FERMI 5";31011;ASOLO;IT;help.eu@alpinestars.com;;;;;;;;
"KODLIN USA";"Rudolf-Diesel-Strasse 1";34582;Borken;DE;;www.kodlin.com;;;;;;;
ZIEGER;"Sosaer Str. 35";01309;Dresden;DE;info@ibex-parts.de;www.ibex-parts.de;;;;;;;
WRS;"Via Pirano, 6/M";61010;Tavullia;IT;info@wrs.it;www.wrs.it;;;;;;;
SACHS;"Obere Weiden 12";97424;Schweinfurt;DE;postoffice@zf.com;;"Parts Europe";"Conrad Röntgen-Str. 2";54332;Wasserliesch;DE;sales@partseurope.eu;www.partseurope.eu
OHLINS-BICYCLE;"Auerspergstrasse 29/10";5020;Salzburg;AT;;www.eu.intensecycles.com;;;;;;;
"CLASSIC BIKE";"Rolnicza 196";05-092;Kielpin;PL;info@classicbike.pl;;;;;;;;
MOTOPLAT;"Ramón Falcón 1851";B1685BDS;"Buenos Aires";AR;customerservice@espel.com.ar;;"Parts Europe";"Conrad Röntgen-Str. 2";54332;Wasserliesch;DE;sales@partseurope.eu;www.partseurope.eu
MOTOZ;"43 Aylesbury Drive";3018;Altona;AU;office@motoz.com.au;;"Parts Europe";"Conrad Röntgen-Str. 2";54332;Wasserliesch;DE;sales@partseurope.eu;www.partseurope.eu
"DON PERFORMANCE";"Industriestraße 30";28199;Bremen;DE;Info@Don-Performance.com;;;;;;;;
VENHILL;"21 Ranmore Rd";"RH4 1HE";DORKING;GB;sales@venhill.co.uk;;"Parts Europe";"Conrad Röntgen-Str. 2";54332;Wasserliesch;DE;sales@partseurope.eu;www.partseurope.eu
VINTCO;"8364 HICKMAN ROAD, SUITE E, CLIVE, IA 50325";;Clive;US;info@vintco.com;www.vintco.com/;"Parts Europe";"Conrad Röntgen-Str. 2";54332;Wasserliesch;DE;sales@partseurope.eu;www.partseurope.eu
"CULT WERK";"Mühlweg 38";4160;Aigen-Schlägl;AT;office@cult-werk.com;;;;;;;;
ACCOSSATO;"Via Don Eugenio Bruno 6";10029;Villastellone;IT;;;;;;;;;
"SP CONNECT";Grossmarktstrasse 7A;1230;Wien;AT;support@sp-connect.eu;www.sp-connect.eu;;;;;;;
BARKBUSTERS;"43 Aylesbury Drive";3018;Altona;AU;;www.barkbusters.net;"Parts Europe";"Conrad Röntgen-Str. 2";54332;Wasserliesch;DE;sales@partseurope.eu;www.partseurope.eu
"FACTORY LINKS";"17944 Canby Rd,";20175;Leesburg;US;info@factory-links.com;www.shopfactorylinks.com;"Parts Europe";"Conrad Röntgen-Str. 2";54332;Wasserliesch;DE;sales@partseurope.eu;www.partseurope.eu
"PREMIER HELMETS";"Zona Inustriale Località Zinepri SNC";55027;Gallicano;IT;info@premier.it;www.premier.it;;;;;;;
"AXP RACING";"28 RUE DE LA REPUBLIQUE";59560;COMINES;FR;contact@axpracing.com;;;;;;;;
CENTAURO;"Via Euclide, 4";20864;"Agrate Brianza";IT;info@centaurosrl.it;www.centaurosrl.it;;;;;;;
SKF;"Via delle Albere 13";36045;"Alonte (VI)";IT;info@athenaspa.com;;;;;;;;
"JOHN DOE";"Steinmühlenweg 2 b";65439;Flörsheim;DE;info@ridejohndoe.com;www.ridejohndoe.com;;;;;;;
DENALI;"1604 Boundary Blvd";98001;Auburn;US;;www.denalielectronics.com/;"Parts Europe";"Conrad Röntgen-Str. 2";54332;Wasserliesch;DE;sales@partseurope.eu;www.partseurope.eu
ZARD;"Via Nazionale, 11";14011;"Baldichieri d’Asti (AT)";IT;SALES2@ZARDEXHAUST.COM;;;;;;;;
"ALPINESTARS GOGGLES";"VIALE E. - FERMI 5";31011;ASOLO;IT;help.eu@alpinestars.com;;;;;;;;
HGS;"Hunnenpad 9-11";"5349 BG";Oss;NL;hgs@hgsmail.nl;;;;;;;;
"DARKHORSE MOTOR COMPANY";"10629 WISCONSIN HIGHWAY 4, NEWTON, WI 53063";;Newton;US;sales@hobanbrothers.com;;"Parts Europe";"Conrad Röntgen-Str. 2";54332;Wasserliesch;DE;sales@partseurope.eu;www.partseurope.eu
"RBW SKULL";"Viale Premuda 46";20129;Milano;IT;info@rbwskull.com;;;;;;;;
OXA;;;;;;;;;;;;;
ELF;"Siège Social : 562, avenue du Parc de l'Ile";92029;"Nanterre Cedex";FR;ms.contact-lubrifiantssgci@total.com;;;;;;;;
"RICK'S MOTORCYCLES";;;;;;;;;;;;;
ESJOT;;;;;;;;;;;;;
"FRENKIT S.L.";;;;;;;;;;;;;
